,b_id,expl,L,p,cent,s,seed
0,3159,hyperx,28.443442806352962,10,degree,"(0, 1)",4647
1,3159,hyperx,2.6153187714317303,10,degree,"(25, 26)",4647
2,3159,hyperx,61.121147973384296,10,degree,"(0, 2)",4647
3,3159,hyperx,93.37433724619426,10,degree,"(24, 26)",4647
4,3159,hyperx,34.21377806970372,10,eigenvector,"(0, 1)",4647
5,3159,hyperx,5.416714836692225,10,eigenvector,"(25, 26)",4647
6,3159,hyperx,48.596940600389544,10,eigenvector,"(0, 2)",4647
7,3159,hyperx,191.36739174492158,10,eigenvector,"(24, 26)",4647
8,3159,hyperx,34.21377806970372,1,eigenvector,"(0, 1)",4647
9,3159,hyperx,2.1735132294673374,1,eigenvector,"(25, 26)",4647
10,3159,hyperx,46.14047585956861,1,eigenvector,"(0, 2)",4647
11,3159,hyperx,49.22517150773891,1,eigenvector,"(24, 26)",4647
12,3159,hyperx,34.21377806970372,2,eigenvector,"(0, 1)",4647
13,3159,hyperx,3.0611839196406567,2,eigenvector,"(25, 26)",4647
14,3159,hyperx,46.14047585956861,2,eigenvector,"(0, 2)",4647
15,3159,hyperx,79.54522063960722,2,eigenvector,"(24, 26)",4647
16,2660,hyperx,25.19423672747418,10,degree,"(0, 1)",612
17,2660,hyperx,4.459922586396974,10,degree,"(25, 26)",612
18,2660,hyperx,46.59137237275412,10,degree,"(0, 2)",612
19,2660,hyperx,113.18017035561589,10,degree,"(24, 26)",612
20,2660,hyperx,24.406161053773943,10,eigenvector,"(0, 1)",612
21,2660,hyperx,6.506076353696882,10,eigenvector,"(25, 26)",612
22,2660,hyperx,44.805789218094716,10,eigenvector,"(0, 2)",612
23,2660,hyperx,168.48758498367522,10,eigenvector,"(24, 26)",612
24,2660,hyperx,24.406161053773943,1,eigenvector,"(0, 1)",612
25,2660,hyperx,5.538437735385629,1,eigenvector,"(25, 26)",612
26,2660,hyperx,40.26408624375317,1,eigenvector,"(0, 2)",612
27,2660,hyperx,116.07720001883435,1,eigenvector,"(24, 26)",612
28,2660,hyperx,24.406161053773943,2,eigenvector,"(0, 1)",612
29,2660,hyperx,3.982663862049282,2,eigenvector,"(25, 26)",612
30,2660,hyperx,40.26408624375317,2,eigenvector,"(0, 2)",612
31,2660,hyperx,112.02703426345116,2,eigenvector,"(24, 26)",612
32,3609,hyperx,51.91768796250437,10,degree,"(0, 1)",8014
33,3609,hyperx,4.533762160472307,10,degree,"(25, 26)",8014
34,3609,hyperx,131.24538558984264,10,degree,"(0, 2)",8014
35,3609,hyperx,130.49656720399176,10,degree,"(24, 26)",8014
36,3609,hyperx,81.21441775061348,10,eigenvector,"(0, 1)",8014
37,3609,hyperx,25.014897329444914,10,eigenvector,"(25, 26)",8014
38,3609,hyperx,93.10917121773716,10,eigenvector,"(0, 2)",8014
39,3609,hyperx,483.72913986529477,10,eigenvector,"(24, 26)",8014
40,3609,hyperx,81.21441775061348,1,eigenvector,"(0, 1)",8014
41,3609,hyperx,3.6893709911662977,1,eigenvector,"(25, 26)",8014
42,3609,hyperx,109.55075005100838,1,eigenvector,"(0, 2)",8014
43,3609,hyperx,113.99481345717292,1,eigenvector,"(24, 26)",8014
44,3609,hyperx,81.21441775061348,2,eigenvector,"(0, 1)",8014
45,3609,hyperx,12.355743813126676,2,eigenvector,"(25, 26)",8014
46,3609,hyperx,109.55075005100838,2,eigenvector,"(0, 2)",8014
47,3609,hyperx,228.45365391187164,2,eigenvector,"(24, 26)",8014
48,2130,hyperx,55.77441176926636,10,degree,"(0, 1)",72
49,2130,hyperx,5.554833426585608,10,degree,"(25, 26)",72
50,2130,hyperx,170.91065601258993,10,degree,"(0, 2)",72
51,2130,hyperx,176.5982000247925,10,degree,"(24, 26)",72
52,2130,hyperx,54.936194646715734,10,eigenvector,"(0, 1)",72
53,2130,hyperx,28.79060470029076,10,eigenvector,"(25, 26)",72
54,2130,hyperx,161.8024763599095,10,eigenvector,"(0, 2)",72
55,2130,hyperx,738.1439066811721,10,eigenvector,"(24, 26)",72
56,2130,hyperx,54.936194646715734,1,eigenvector,"(0, 1)",72
57,2130,hyperx,4.379310874380204,1,eigenvector,"(25, 26)",72
58,2130,hyperx,96.512964069671,1,eigenvector,"(0, 2)",72
59,2130,hyperx,130.1063046217915,1,eigenvector,"(24, 26)",72
60,2130,hyperx,54.936194646715734,2,eigenvector,"(0, 1)",72
61,2130,hyperx,12.566080886224674,2,eigenvector,"(25, 26)",72
62,2130,hyperx,96.512964069671,2,eigenvector,"(0, 2)",72
63,2130,hyperx,249.75237006062065,2,eigenvector,"(24, 26)",72
64,1261,hyperx,56.542404277175365,10,degree,"(0, 1)",8548
65,1261,hyperx,3.572707801344135,10,degree,"(25, 26)",8548
66,1261,hyperx,106.3553822098996,10,degree,"(0, 2)",8548
67,1261,hyperx,116.6070735031099,10,degree,"(24, 26)",8548
68,1261,hyperx,49.008796044172506,10,eigenvector,"(0, 1)",8548
69,1261,hyperx,10.34428093247326,10,eigenvector,"(25, 26)",8548
70,1261,hyperx,74.80088566771755,10,eigenvector,"(0, 2)",8548
71,1261,hyperx,193.85153740705016,10,eigenvector,"(24, 26)",8548
72,1261,hyperx,49.008796044172506,1,eigenvector,"(0, 1)",8548
73,1261,hyperx,3.4045164372956824,1,eigenvector,"(25, 26)",8548
74,1261,hyperx,68.88937783472915,1,eigenvector,"(0, 2)",8548
75,1261,hyperx,69.44625442758569,1,eigenvector,"(24, 26)",8548
76,1261,hyperx,49.008796044172506,2,eigenvector,"(0, 1)",8548
77,1261,hyperx,4.412499985091893,2,eigenvector,"(25, 26)",8548
78,1261,hyperx,68.88937783472915,2,eigenvector,"(0, 2)",8548
79,1261,hyperx,89.95638303789337,2,eigenvector,"(24, 26)",8548
80,1753,hyperx,36.289118990283875,10,degree,"(0, 1)",10837
81,1753,hyperx,5.416371796661725,10,degree,"(25, 26)",10837
82,1753,hyperx,61.20318642081852,10,degree,"(0, 2)",10837
83,1753,hyperx,201.0501297235102,10,degree,"(24, 26)",10837
84,1753,hyperx,20.92087209292839,10,eigenvector,"(0, 1)",10837
85,1753,hyperx,24.3039655433136,10,eigenvector,"(25, 26)",10837
86,1753,hyperx,56.123080229836134,10,eigenvector,"(0, 2)",10837
87,1753,hyperx,664.0803698957179,10,eigenvector,"(24, 26)",10837
88,1753,hyperx,20.92087209292839,1,eigenvector,"(0, 1)",10837
89,1753,hyperx,5.852492904919499,1,eigenvector,"(25, 26)",10837
90,1753,hyperx,45.48633015802122,1,eigenvector,"(0, 2)",10837
91,1753,hyperx,151.00193441145322,1,eigenvector,"(24, 26)",10837
92,1753,hyperx,20.92087209292839,2,eigenvector,"(0, 1)",10837
93,1753,hyperx,11.191480719230851,2,eigenvector,"(25, 26)",10837
94,1753,hyperx,45.48633015802122,2,eigenvector,"(0, 2)",10837
95,1753,hyperx,205.950812833852,2,eigenvector,"(24, 26)",10837
96,1730,hyperx,49.628315126423004,10,degree,"(0, 1)",5219
97,1730,hyperx,16.04725019925929,10,degree,"(25, 26)",5219
98,1730,hyperx,94.82917040266365,10,degree,"(0, 2)",5219
99,1730,hyperx,311.93362985407117,10,degree,"(24, 26)",5219
100,1730,hyperx,53.19336150879038,10,eigenvector,"(0, 1)",5219
101,1730,hyperx,51.89554585879211,10,eigenvector,"(25, 26)",5219
102,1730,hyperx,108.52415194233939,10,eigenvector,"(0, 2)",5219
103,1730,hyperx,673.5883487317042,10,eigenvector,"(24, 26)",5219
104,1730,hyperx,53.19336150879038,1,eigenvector,"(0, 1)",5219
105,1730,hyperx,13.695282169297016,1,eigenvector,"(25, 26)",5219
106,1730,hyperx,89.8500459140338,1,eigenvector,"(0, 2)",5219
107,1730,hyperx,196.07357194601894,1,eigenvector,"(24, 26)",5219
108,1730,hyperx,53.19336150879038,2,eigenvector,"(0, 1)",5219
109,1730,hyperx,18.82990634057675,2,eigenvector,"(25, 26)",5219
110,1730,hyperx,89.8500459140338,2,eigenvector,"(0, 2)",5219
111,1730,hyperx,370.9573693177869,2,eigenvector,"(24, 26)",5219
112,1877,hyperx,47.347654290305286,10,degree,"(0, 1)",3222
113,1877,hyperx,3.2958812932680672,10,degree,"(25, 26)",3222
114,1877,hyperx,75.75057116296352,10,degree,"(0, 2)",3222
115,1877,hyperx,122.75788514364692,10,degree,"(24, 26)",3222
116,1877,hyperx,41.25820128512671,10,eigenvector,"(0, 1)",3222
117,1877,hyperx,13.390563271955783,10,eigenvector,"(25, 26)",3222
118,1877,hyperx,77.56847925024766,10,eigenvector,"(0, 2)",3222
119,1877,hyperx,227.25984854118295,10,eigenvector,"(24, 26)",3222
120,1877,hyperx,41.25820128512671,1,eigenvector,"(0, 1)",3222
121,1877,hyperx,4.283800509871038,1,eigenvector,"(25, 26)",3222
122,1877,hyperx,68.72863607702845,1,eigenvector,"(0, 2)",3222
123,1877,hyperx,96.63655344793693,1,eigenvector,"(24, 26)",3222
124,1877,hyperx,41.25820128512671,2,eigenvector,"(0, 1)",3222
125,1877,hyperx,5.882908617713241,2,eigenvector,"(25, 26)",3222
126,1877,hyperx,68.72863607702845,2,eigenvector,"(0, 2)",3222
127,1877,hyperx,87.81778785216612,2,eigenvector,"(24, 26)",3222
128,2922,hyperx,75.53157631990891,10,degree,"(0, 1)",7542
129,2922,hyperx,6.358008609298816,10,degree,"(25, 26)",7542
130,2922,hyperx,118.45363078056278,10,degree,"(0, 2)",7542
131,2922,hyperx,179.12790007849785,10,degree,"(24, 26)",7542
132,2922,hyperx,72.3937246376584,10,eigenvector,"(0, 1)",7542
133,2922,hyperx,46.23380669552469,10,eigenvector,"(25, 26)",7542
134,2922,hyperx,142.47441428060023,10,eigenvector,"(0, 2)",7542
135,2922,hyperx,540.1185530723922,10,eigenvector,"(24, 26)",7542
136,2922,hyperx,72.3937246376584,1,eigenvector,"(0, 1)",7542
137,2922,hyperx,4.990135364871762,1,eigenvector,"(25, 26)",7542
138,2922,hyperx,137.46103274713138,1,eigenvector,"(0, 2)",7542
139,2922,hyperx,154.6073443285176,1,eigenvector,"(24, 26)",7542
140,2922,hyperx,72.3937246376584,2,eigenvector,"(0, 1)",7542
141,2922,hyperx,8.559026871229756,2,eigenvector,"(25, 26)",7542
142,2922,hyperx,137.46103274713138,2,eigenvector,"(0, 2)",7542
143,2922,hyperx,293.5690928078606,2,eigenvector,"(24, 26)",7542
144,1186,hyperx,21.86338194474705,10,degree,"(0, 1)",8172
145,1186,hyperx,2.241850575767607,10,degree,"(25, 26)",8172
146,1186,hyperx,59.111456524631045,10,degree,"(0, 2)",8172
147,1186,hyperx,27.778842967147447,10,degree,"(24, 26)",8172
148,1186,hyperx,20.502541739857886,10,eigenvector,"(0, 1)",8172
149,1186,hyperx,4.439252518946255,10,eigenvector,"(25, 26)",8172
150,1186,hyperx,47.428656319983496,10,eigenvector,"(0, 2)",8172
151,1186,hyperx,84.52461122682291,10,eigenvector,"(24, 26)",8172
152,1186,hyperx,20.502541739857886,1,eigenvector,"(0, 1)",8172
153,1186,hyperx,1.5199646773729478,1,eigenvector,"(25, 26)",8172
154,1186,hyperx,54.967793109457574,1,eigenvector,"(0, 2)",8172
155,1186,hyperx,41.95386390169237,1,eigenvector,"(24, 26)",8172
156,1186,hyperx,20.502541739857886,2,eigenvector,"(0, 1)",8172
157,1186,hyperx,2.6044076219065326,2,eigenvector,"(25, 26)",8172
158,1186,hyperx,54.967793109457574,2,eigenvector,"(0, 2)",8172
159,1186,hyperx,64.33894456251635,2,eigenvector,"(24, 26)",8172
160,40,hyperx,99.52830664788436,10,degree,"(0, 1)",9035
161,40,hyperx,8.991980036923762,10,degree,"(25, 26)",9035
162,40,hyperx,259.4321599188673,10,degree,"(0, 2)",9035
163,40,hyperx,164.90546392198556,10,degree,"(24, 26)",9035
164,40,hyperx,98.51048656117176,10,eigenvector,"(0, 1)",9035
165,40,hyperx,37.55515374869428,10,eigenvector,"(25, 26)",9035
166,40,hyperx,174.75896273029065,10,eigenvector,"(0, 2)",9035
167,40,hyperx,777.9742797342857,10,eigenvector,"(24, 26)",9035
168,40,hyperx,98.51048656117176,1,eigenvector,"(0, 1)",9035
169,40,hyperx,9.082690636199203,1,eigenvector,"(25, 26)",9035
170,40,hyperx,207.300690633462,1,eigenvector,"(0, 2)",9035
171,40,hyperx,158.01814555503427,1,eigenvector,"(24, 26)",9035
172,40,hyperx,98.51048656117176,2,eigenvector,"(0, 1)",9035
173,40,hyperx,13.878678549924755,2,eigenvector,"(25, 26)",9035
174,40,hyperx,207.300690633462,2,eigenvector,"(0, 2)",9035
175,40,hyperx,303.5109075016536,2,eigenvector,"(24, 26)",9035
176,3676,hyperx,74.82615281523357,10,degree,"(0, 1)",6010
177,3676,hyperx,3.6645356316959763,10,degree,"(25, 26)",6010
178,3676,hyperx,96.79810665985204,10,degree,"(0, 2)",6010
179,3676,hyperx,80.76659877054416,10,degree,"(24, 26)",6010
180,3676,hyperx,49.374269593968364,10,eigenvector,"(0, 1)",6010
181,3676,hyperx,26.44002045299631,10,eigenvector,"(25, 26)",6010
182,3676,hyperx,127.77550053172769,10,eigenvector,"(0, 2)",6010
183,3676,hyperx,619.6502190539229,10,eigenvector,"(24, 26)",6010
184,3676,hyperx,49.374269593968364,1,eigenvector,"(0, 1)",6010
185,3676,hyperx,3.524757679810356,1,eigenvector,"(25, 26)",6010
186,3676,hyperx,76.62330550064836,1,eigenvector,"(0, 2)",6010
187,3676,hyperx,73.501088027617,1,eigenvector,"(24, 26)",6010
188,3676,hyperx,49.374269593968364,2,eigenvector,"(0, 1)",6010
189,3676,hyperx,10.010316650137193,2,eigenvector,"(25, 26)",6010
190,3676,hyperx,76.62330550064836,2,eigenvector,"(0, 2)",6010
191,3676,hyperx,279.4590122100666,2,eigenvector,"(24, 26)",6010
192,1058,hyperx,17.5005218743421,10,degree,"(0, 1)",9972
193,1058,hyperx,2.1201947296531425,10,degree,"(25, 26)",9972
194,1058,hyperx,56.92362852995581,10,degree,"(0, 2)",9972
195,1058,hyperx,47.61662529156904,10,degree,"(24, 26)",9972
196,1058,hyperx,17.85356756554002,10,eigenvector,"(0, 1)",9972
197,1058,hyperx,10.599857452509037,10,eigenvector,"(25, 26)",9972
198,1058,hyperx,39.371401855451026,10,eigenvector,"(0, 2)",9972
199,1058,hyperx,165.8526068889777,10,eigenvector,"(24, 26)",9972
200,1058,hyperx,17.85356756554002,1,eigenvector,"(0, 1)",9972
201,1058,hyperx,1.5102748821495526,1,eigenvector,"(25, 26)",9972
202,1058,hyperx,40.194207944921054,1,eigenvector,"(0, 2)",9972
203,1058,hyperx,34.17639447536599,1,eigenvector,"(24, 26)",9972
204,1058,hyperx,17.85356756554002,2,eigenvector,"(0, 1)",9972
205,1058,hyperx,3.6250280667023413,2,eigenvector,"(25, 26)",9972
206,1058,hyperx,40.194207944921054,2,eigenvector,"(0, 2)",9972
207,1058,hyperx,80.63640902471552,2,eigenvector,"(24, 26)",9972
208,4774,hyperx,20.99665945797266,10,degree,"(0, 1)",2463
209,4774,hyperx,1.4200761009407086,10,degree,"(25, 26)",2463
210,4774,hyperx,39.25575356266326,10,degree,"(0, 2)",2463
211,4774,hyperx,27.782421086589046,10,degree,"(24, 26)",2463
212,4774,hyperx,21.018961332642522,10,eigenvector,"(0, 1)",2463
213,4774,hyperx,7.869870153838849,10,eigenvector,"(25, 26)",2463
214,4774,hyperx,37.773727055068804,10,eigenvector,"(0, 2)",2463
215,4774,hyperx,145.6334469063697,10,eigenvector,"(24, 26)",2463
216,4774,hyperx,21.018961332642522,1,eigenvector,"(0, 1)",2463
217,4774,hyperx,1.5208780463117708,1,eigenvector,"(25, 26)",2463
218,4774,hyperx,36.46874442390829,1,eigenvector,"(0, 2)",2463
219,4774,hyperx,30.588593742262006,1,eigenvector,"(24, 26)",2463
220,4774,hyperx,21.018961332642522,2,eigenvector,"(0, 1)",2463
221,4774,hyperx,2.4650641704567398,2,eigenvector,"(25, 26)",2463
222,4774,hyperx,36.46874442390829,2,eigenvector,"(0, 2)",2463
223,4774,hyperx,51.695135702979044,2,eigenvector,"(24, 26)",2463
224,4515,hyperx,42.72511358406002,10,degree,"(0, 1)",8928
225,4515,hyperx,2.0526647700512894,10,degree,"(25, 26)",8928
226,4515,hyperx,97.56924588864432,10,degree,"(0, 2)",8928
227,4515,hyperx,64.63303746577083,10,degree,"(24, 26)",8928
228,4515,hyperx,43.53439926466378,10,eigenvector,"(0, 1)",8928
229,4515,hyperx,3.780945265409305,10,eigenvector,"(25, 26)",8928
230,4515,hyperx,71.9294607489815,10,eigenvector,"(0, 2)",8928
231,4515,hyperx,103.10238486054739,10,eigenvector,"(24, 26)",8928
232,4515,hyperx,43.53439926466378,1,eigenvector,"(0, 1)",8928
233,4515,hyperx,1.9907088937284487,1,eigenvector,"(25, 26)",8928
234,4515,hyperx,75.09908623920461,1,eigenvector,"(0, 2)",8928
235,4515,hyperx,54.860823604610765,1,eigenvector,"(24, 26)",8928
236,4515,hyperx,43.53439926466378,2,eigenvector,"(0, 1)",8928
237,4515,hyperx,2.5542866646976194,2,eigenvector,"(25, 26)",8928
238,4515,hyperx,75.09908623920461,2,eigenvector,"(0, 2)",8928
239,4515,hyperx,65.91707871167975,2,eigenvector,"(24, 26)",8928
240,2191,hyperx,45.64694508588249,10,degree,"(0, 1)",4282
241,2191,hyperx,8.902349033948122,10,degree,"(25, 26)",4282
242,2191,hyperx,76.23568730132696,10,degree,"(0, 2)",4282
243,2191,hyperx,184.91282421063062,10,degree,"(24, 26)",4282
244,2191,hyperx,45.105958673088985,10,eigenvector,"(0, 1)",4282
245,2191,hyperx,32.36785917631569,10,eigenvector,"(25, 26)",4282
246,2191,hyperx,69.74669455944804,10,eigenvector,"(0, 2)",4282
247,2191,hyperx,691.8084204686946,10,eigenvector,"(24, 26)",4282
248,2191,hyperx,45.105958673088985,1,eigenvector,"(0, 1)",4282
249,2191,hyperx,7.1085665292863345,1,eigenvector,"(25, 26)",4282
250,2191,hyperx,60.84764931887566,1,eigenvector,"(0, 2)",4282
251,2191,hyperx,159.11642143868636,1,eigenvector,"(24, 26)",4282
252,2191,hyperx,45.105958673088985,2,eigenvector,"(0, 1)",4282
253,2191,hyperx,15.085921835885655,2,eigenvector,"(25, 26)",4282
254,2191,hyperx,60.84764931887566,2,eigenvector,"(0, 2)",4282
255,2191,hyperx,298.8122868517627,2,eigenvector,"(24, 26)",4282
256,2115,hyperx,18.854544996725153,10,degree,"(0, 1)",8612
257,2115,hyperx,4.59191384467341,10,degree,"(25, 26)",8612
258,2115,hyperx,43.79913170694949,10,degree,"(0, 2)",8612
259,2115,hyperx,116.13736006717954,10,degree,"(24, 26)",8612
260,2115,hyperx,17.90378417930453,10,eigenvector,"(0, 1)",8612
261,2115,hyperx,18.609895098952325,10,eigenvector,"(25, 26)",8612
262,2115,hyperx,43.74119546490974,10,eigenvector,"(0, 2)",8612
263,2115,hyperx,533.4918407035221,10,eigenvector,"(24, 26)",8612
264,2115,hyperx,17.90378417930453,1,eigenvector,"(0, 1)",8612
265,2115,hyperx,4.218237219167702,1,eigenvector,"(25, 26)",8612
266,2115,hyperx,28.173490745217926,1,eigenvector,"(0, 2)",8612
267,2115,hyperx,89.33739776486524,1,eigenvector,"(24, 26)",8612
268,2115,hyperx,17.90378417930453,2,eigenvector,"(0, 1)",8612
269,2115,hyperx,6.612075534024714,2,eigenvector,"(25, 26)",8612
270,2115,hyperx,28.173490745217926,2,eigenvector,"(0, 2)",8612
271,2115,hyperx,203.90727891429185,2,eigenvector,"(24, 26)",8612
272,797,hyperx,43.8674744726367,10,degree,"(0, 1)",7658
273,797,hyperx,4.045474970097612,10,degree,"(25, 26)",7658
274,797,hyperx,65.08047568553192,10,degree,"(0, 2)",7658
275,797,hyperx,81.06054268001637,10,degree,"(24, 26)",7658
276,797,hyperx,53.91143843361908,10,eigenvector,"(0, 1)",7658
277,797,hyperx,13.03865137176329,10,eigenvector,"(25, 26)",7658
278,797,hyperx,62.31045206054743,10,eigenvector,"(0, 2)",7658
279,797,hyperx,227.46840395020303,10,eigenvector,"(24, 26)",7658
280,797,hyperx,53.91143843361908,1,eigenvector,"(0, 1)",7658
281,797,hyperx,3.8174688760597824,1,eigenvector,"(25, 26)",7658
282,797,hyperx,58.347663219866156,1,eigenvector,"(0, 2)",7658
283,797,hyperx,99.60075745014619,1,eigenvector,"(24, 26)",7658
284,797,hyperx,53.91143843361908,2,eigenvector,"(0, 1)",7658
285,797,hyperx,5.140815031206499,2,eigenvector,"(25, 26)",7658
286,797,hyperx,58.347663219866156,2,eigenvector,"(0, 2)",7658
287,797,hyperx,141.91780244269913,2,eigenvector,"(24, 26)",7658
288,183,hyperx,54.84917013697749,10,degree,"(0, 1)",6531
289,183,hyperx,1.8196700608233458,10,degree,"(25, 26)",6531
290,183,hyperx,104.47909752174407,10,degree,"(0, 2)",6531
291,183,hyperx,88.39389216958575,10,degree,"(24, 26)",6531
292,183,hyperx,68.89230553856908,10,eigenvector,"(0, 1)",6531
293,183,hyperx,7.705775625899849,10,eigenvector,"(25, 26)",6531
294,183,hyperx,100.76142181158478,10,eigenvector,"(0, 2)",6531
295,183,hyperx,202.30589904710067,10,eigenvector,"(24, 26)",6531
296,183,hyperx,68.89230553856908,1,eigenvector,"(0, 1)",6531
297,183,hyperx,2.6501772722386687,1,eigenvector,"(25, 26)",6531
298,183,hyperx,65.35677310964644,1,eigenvector,"(0, 2)",6531
299,183,hyperx,64.72350926091208,1,eigenvector,"(24, 26)",6531
300,183,hyperx,68.89230553856908,2,eigenvector,"(0, 1)",6531
301,183,hyperx,4.256760751197678,2,eigenvector,"(25, 26)",6531
302,183,hyperx,65.35677310964644,2,eigenvector,"(0, 2)",6531
303,183,hyperx,108.28807070642355,2,eigenvector,"(24, 26)",6531
304,183,hyperx,43.898131906466126,10,degree,"(0, 1)",5410
305,183,hyperx,2.711083660472515,10,degree,"(25, 26)",5410
306,183,hyperx,98.21604875980589,10,degree,"(0, 2)",5410
307,183,hyperx,102.59470591656792,10,degree,"(24, 26)",5410
308,183,hyperx,47.37311972593322,10,eigenvector,"(0, 1)",5410
309,183,hyperx,13.672402486198767,10,eigenvector,"(25, 26)",5410
310,183,hyperx,99.67775189120962,10,eigenvector,"(0, 2)",5410
311,183,hyperx,298.6539951264735,10,eigenvector,"(24, 26)",5410
312,183,hyperx,47.37311972593322,1,eigenvector,"(0, 1)",5410
313,183,hyperx,3.509776131300683,1,eigenvector,"(25, 26)",5410
314,183,hyperx,63.919363547937294,1,eigenvector,"(0, 2)",5410
315,183,hyperx,79.80413362724241,1,eigenvector,"(24, 26)",5410
316,183,hyperx,47.37311972593322,2,eigenvector,"(0, 1)",5410
317,183,hyperx,6.28587730229473,2,eigenvector,"(25, 26)",5410
318,183,hyperx,63.919363547937294,2,eigenvector,"(0, 2)",5410
319,183,hyperx,153.0418663245981,2,eigenvector,"(24, 26)",5410
320,1535,hyperx,20.13696157702686,10,degree,"(0, 1)",9881
321,1535,hyperx,5.691447488018147,10,degree,"(25, 26)",9881
322,1535,hyperx,46.82514321082608,10,degree,"(0, 2)",9881
323,1535,hyperx,96.70497070232877,10,degree,"(24, 26)",9881
324,1535,hyperx,22.942550716613155,10,eigenvector,"(0, 1)",9881
325,1535,hyperx,20.65122798491011,10,eigenvector,"(25, 26)",9881
326,1535,hyperx,50.42667069722378,10,eigenvector,"(0, 2)",9881
327,1535,hyperx,497.85497239836207,10,eigenvector,"(24, 26)",9881
328,1535,hyperx,22.942550716613155,1,eigenvector,"(0, 1)",9881
329,1535,hyperx,4.687357913614889,1,eigenvector,"(25, 26)",9881
330,1535,hyperx,34.00825605675956,1,eigenvector,"(0, 2)",9881
331,1535,hyperx,91.14098022313387,1,eigenvector,"(24, 26)",9881
332,1535,hyperx,22.942550716613155,2,eigenvector,"(0, 1)",9881
333,1535,hyperx,7.654987866841608,2,eigenvector,"(25, 26)",9881
334,1535,hyperx,34.00825605675956,2,eigenvector,"(0, 2)",9881
335,1535,hyperx,174.87566712420113,2,eigenvector,"(24, 26)",9881
336,306,hyperx,48.713977120042095,10,degree,"(0, 1)",3596
337,306,hyperx,3.7631278630819236,10,degree,"(25, 26)",3596
338,306,hyperx,97.64083883946014,10,degree,"(0, 2)",3596
339,306,hyperx,89.19936818912672,10,degree,"(24, 26)",3596
340,306,hyperx,37.26687905362876,10,eigenvector,"(0, 1)",3596
341,306,hyperx,18.76131811476354,10,eigenvector,"(25, 26)",3596
342,306,hyperx,112.43190815408677,10,eigenvector,"(0, 2)",3596
343,306,hyperx,260.48389979810975,10,eigenvector,"(24, 26)",3596
344,306,hyperx,37.26687905362876,1,eigenvector,"(0, 1)",3596
345,306,hyperx,3.19319639173127,1,eigenvector,"(25, 26)",3596
346,306,hyperx,115.01512069934543,1,eigenvector,"(0, 2)",3596
347,306,hyperx,81.22856844073542,1,eigenvector,"(24, 26)",3596
348,306,hyperx,37.26687905362876,2,eigenvector,"(0, 1)",3596
349,306,hyperx,6.276642249841339,2,eigenvector,"(25, 26)",3596
350,306,hyperx,115.01512069934543,2,eigenvector,"(0, 2)",3596
351,306,hyperx,163.8236801708926,2,eigenvector,"(24, 26)",3596
352,2677,hyperx,55.53463221922058,10,degree,"(0, 1)",2061
353,2677,hyperx,4.283514610617576,10,degree,"(25, 26)",2061
354,2677,hyperx,148.29614643168236,10,degree,"(0, 2)",2061
355,2677,hyperx,112.90585215426569,10,degree,"(24, 26)",2061
356,2677,hyperx,88.23023335155771,10,eigenvector,"(0, 1)",2061
357,2677,hyperx,23.920313865507975,10,eigenvector,"(25, 26)",2061
358,2677,hyperx,144.24197476456382,10,eigenvector,"(0, 2)",2061
359,2677,hyperx,496.17534476200063,10,eigenvector,"(24, 26)",2061
360,2677,hyperx,88.23023335155771,1,eigenvector,"(0, 1)",2061
361,2677,hyperx,3.933653834443,1,eigenvector,"(25, 26)",2061
362,2677,hyperx,156.50087386753736,1,eigenvector,"(0, 2)",2061
363,2677,hyperx,104.79590801216862,1,eigenvector,"(24, 26)",2061
364,2677,hyperx,88.23023335155771,2,eigenvector,"(0, 1)",2061
365,2677,hyperx,9.870920358224794,2,eigenvector,"(25, 26)",2061
366,2677,hyperx,156.50087386753736,2,eigenvector,"(0, 2)",2061
367,2677,hyperx,208.80117349328745,2,eigenvector,"(24, 26)",2061
368,3806,hyperx,43.631696761881535,10,degree,"(0, 1)",10817
369,3806,hyperx,4.47365701888576,10,degree,"(25, 26)",10817
370,3806,hyperx,97.18011287474484,10,degree,"(0, 2)",10817
371,3806,hyperx,140.3479686645208,10,degree,"(24, 26)",10817
372,3806,hyperx,33.92958040934687,10,eigenvector,"(0, 1)",10817
373,3806,hyperx,23.692234837573668,10,eigenvector,"(25, 26)",10817
374,3806,hyperx,95.61306010557534,10,eigenvector,"(0, 2)",10817
375,3806,hyperx,649.5600096197433,10,eigenvector,"(24, 26)",10817
376,3806,hyperx,33.92958040934687,1,eigenvector,"(0, 1)",10817
377,3806,hyperx,6.404869044546364,1,eigenvector,"(25, 26)",10817
378,3806,hyperx,75.84324934605065,1,eigenvector,"(0, 2)",10817
379,3806,hyperx,139.4312122890695,1,eigenvector,"(24, 26)",10817
380,3806,hyperx,33.92958040934687,2,eigenvector,"(0, 1)",10817
381,3806,hyperx,9.465996020759025,2,eigenvector,"(25, 26)",10817
382,3806,hyperx,75.84324934605065,2,eigenvector,"(0, 2)",10817
383,3806,hyperx,198.30121921697136,2,eigenvector,"(24, 26)",10817
384,784,hyperx,64.31647322194803,10,degree,"(0, 1)",7757
385,784,hyperx,8.921454925984708,10,degree,"(25, 26)",7757
386,784,hyperx,128.18602453913516,10,degree,"(0, 2)",7757
387,784,hyperx,116.65767175526888,10,degree,"(24, 26)",7757
388,784,hyperx,51.85831269256706,10,eigenvector,"(0, 1)",7757
389,784,hyperx,30.717183889478115,10,eigenvector,"(25, 26)",7757
390,784,hyperx,108.1026599590014,10,eigenvector,"(0, 2)",7757
391,784,hyperx,442.0555474963784,10,eigenvector,"(24, 26)",7757
392,784,hyperx,51.85831269256706,1,eigenvector,"(0, 1)",7757
393,784,hyperx,6.746788512518834,1,eigenvector,"(25, 26)",7757
394,784,hyperx,111.26173413639873,1,eigenvector,"(0, 2)",7757
395,784,hyperx,135.53254993894873,1,eigenvector,"(24, 26)",7757
396,784,hyperx,51.85831269256706,2,eigenvector,"(0, 1)",7757
397,784,hyperx,9.327862580616953,2,eigenvector,"(25, 26)",7757
398,784,hyperx,111.26173413639873,2,eigenvector,"(0, 2)",7757
399,784,hyperx,298.4297499859144,2,eigenvector,"(24, 26)",7757
400,1178,hyperx,68.91613502805203,10,degree,"(0, 1)",718
401,1178,hyperx,8.068263470458147,10,degree,"(25, 26)",718
402,1178,hyperx,99.26058339359072,10,degree,"(0, 2)",718
403,1178,hyperx,249.31080089090122,10,degree,"(24, 26)",718
404,1178,hyperx,76.68617914115497,10,eigenvector,"(0, 1)",718
405,1178,hyperx,77.18268635170462,10,eigenvector,"(25, 26)",718
406,1178,hyperx,110.33939275201654,10,eigenvector,"(0, 2)",718
407,1178,hyperx,1780.619067670449,10,eigenvector,"(24, 26)",718
408,1178,hyperx,76.68617914115497,1,eigenvector,"(0, 1)",718
409,1178,hyperx,9.271625407263077,1,eigenvector,"(25, 26)",718
410,1178,hyperx,106.2857882193463,1,eigenvector,"(0, 2)",718
411,1178,hyperx,222.16430463419974,1,eigenvector,"(24, 26)",718
412,1178,hyperx,76.68617914115497,2,eigenvector,"(0, 1)",718
413,1178,hyperx,16.587955899763728,2,eigenvector,"(25, 26)",718
414,1178,hyperx,106.2857882193463,2,eigenvector,"(0, 2)",718
415,1178,hyperx,294.4535044840208,2,eigenvector,"(24, 26)",718
416,1011,hyperx,90.06839152378656,10,degree,"(0, 1)",8401
417,1011,hyperx,5.650111181436803,10,degree,"(25, 26)",8401
418,1011,hyperx,156.01812064436174,10,degree,"(0, 2)",8401
419,1011,hyperx,97.08482425136553,10,degree,"(24, 26)",8401
420,1011,hyperx,73.98571205257745,10,eigenvector,"(0, 1)",8401
421,1011,hyperx,26.269774366738783,10,eigenvector,"(25, 26)",8401
422,1011,hyperx,118.41877301148389,10,eigenvector,"(0, 2)",8401
423,1011,hyperx,516.869657992056,10,eigenvector,"(24, 26)",8401
424,1011,hyperx,73.98571205257745,1,eigenvector,"(0, 1)",8401
425,1011,hyperx,4.26110506706958,1,eigenvector,"(25, 26)",8401
426,1011,hyperx,162.8548626059486,1,eigenvector,"(0, 2)",8401
427,1011,hyperx,131.0235767161757,1,eigenvector,"(24, 26)",8401
428,1011,hyperx,73.98571205257745,2,eigenvector,"(0, 1)",8401
429,1011,hyperx,10.085168175847224,2,eigenvector,"(25, 26)",8401
430,1011,hyperx,162.8548626059486,2,eigenvector,"(0, 2)",8401
431,1011,hyperx,210.1166033943111,2,eigenvector,"(24, 26)",8401
432,984,hyperx,26.103683850805975,10,degree,"(0, 1)",723
433,984,hyperx,6.657345612472626,10,degree,"(25, 26)",723
434,984,hyperx,72.83788757182218,10,degree,"(0, 2)",723
435,984,hyperx,174.0657349069382,10,degree,"(24, 26)",723
436,984,hyperx,32.46908106029189,10,eigenvector,"(0, 1)",723
437,984,hyperx,29.290534054594083,10,eigenvector,"(25, 26)",723
438,984,hyperx,82.40712886630001,10,eigenvector,"(0, 2)",723
439,984,hyperx,588.3585542891481,10,eigenvector,"(24, 26)",723
440,984,hyperx,32.46908106029189,1,eigenvector,"(0, 1)",723
441,984,hyperx,7.147230613842104,1,eigenvector,"(25, 26)",723
442,984,hyperx,62.02665438236958,1,eigenvector,"(0, 2)",723
443,984,hyperx,148.9310198757118,1,eigenvector,"(24, 26)",723
444,984,hyperx,32.46908106029189,2,eigenvector,"(0, 1)",723
445,984,hyperx,16.025084795436513,2,eigenvector,"(25, 26)",723
446,984,hyperx,62.02665438236958,2,eigenvector,"(0, 2)",723
447,984,hyperx,197.3257490570723,2,eigenvector,"(24, 26)",723
448,2623,hyperx,24.338271206965846,10,degree,"(0, 1)",2448
449,2623,hyperx,1.8299164806597639,10,degree,"(25, 26)",2448
450,2623,hyperx,42.73398577682194,10,degree,"(0, 2)",2448
451,2623,hyperx,66.07798383696596,10,degree,"(24, 26)",2448
452,2623,hyperx,23.15927676845744,10,eigenvector,"(0, 1)",2448
453,2623,hyperx,3.5532277376295673,10,eigenvector,"(25, 26)",2448
454,2623,hyperx,43.41131505244966,10,eigenvector,"(0, 2)",2448
455,2623,hyperx,380.2125585667313,10,eigenvector,"(24, 26)",2448
456,2623,hyperx,23.15927676845744,1,eigenvector,"(0, 1)",2448
457,2623,hyperx,2.3577121649477295,1,eigenvector,"(25, 26)",2448
458,2623,hyperx,45.9417829097025,1,eigenvector,"(0, 2)",2448
459,2623,hyperx,95.78064662408877,1,eigenvector,"(24, 26)",2448
460,2623,hyperx,23.15927676845744,2,eigenvector,"(0, 1)",2448
461,2623,hyperx,6.8469601520761625,2,eigenvector,"(25, 26)",2448
462,2623,hyperx,45.9417829097025,2,eigenvector,"(0, 2)",2448
463,2623,hyperx,100.93484161749222,2,eigenvector,"(24, 26)",2448
464,4357,hyperx,8.615765446492425,10,degree,"(0, 1)",764
465,4357,hyperx,6.442431925489281,10,degree,"(25, 26)",764
466,4357,hyperx,29.64266681859192,10,degree,"(0, 2)",764
467,4357,hyperx,161.49859620134947,10,degree,"(24, 26)",764
468,4357,hyperx,12.26557627214808,10,eigenvector,"(0, 1)",764
469,4357,hyperx,30.89628966234544,10,eigenvector,"(25, 26)",764
470,4357,hyperx,32.352907305581745,10,eigenvector,"(0, 2)",764
471,4357,hyperx,530.1798228476471,10,eigenvector,"(24, 26)",764
472,4357,hyperx,12.26557627214808,1,eigenvector,"(0, 1)",764
473,4357,hyperx,9.98929604293796,1,eigenvector,"(25, 26)",764
474,4357,hyperx,28.66296098232189,1,eigenvector,"(0, 2)",764
475,4357,hyperx,143.92308969698627,1,eigenvector,"(24, 26)",764
476,4357,hyperx,12.26557627214808,2,eigenvector,"(0, 1)",764
477,4357,hyperx,8.032934906662605,2,eigenvector,"(25, 26)",764
478,4357,hyperx,28.66296098232189,2,eigenvector,"(0, 2)",764
479,4357,hyperx,209.67171335054928,2,eigenvector,"(24, 26)",764
480,1079,hyperx,4.989637738385406,10,degree,"(0, 1)",8187
481,1079,hyperx,3.2931554662327893,10,degree,"(25, 26)",8187
482,1079,hyperx,13.618998892146216,10,degree,"(0, 2)",8187
483,1079,hyperx,75.82845955886572,10,degree,"(24, 26)",8187
484,1079,hyperx,12.097043538775536,10,eigenvector,"(0, 1)",8187
485,1079,hyperx,8.323370967417311,10,eigenvector,"(25, 26)",8187
486,1079,hyperx,21.578838094070466,10,eigenvector,"(0, 2)",8187
487,1079,hyperx,230.06543583355466,10,eigenvector,"(24, 26)",8187
488,1079,hyperx,12.097043538775536,1,eigenvector,"(0, 1)",8187
489,1079,hyperx,3.6493421612059502,1,eigenvector,"(25, 26)",8187
490,1079,hyperx,15.707035617051513,1,eigenvector,"(0, 2)",8187
491,1079,hyperx,60.07819503608707,1,eigenvector,"(24, 26)",8187
492,1079,hyperx,12.097043538775536,2,eigenvector,"(0, 1)",8187
493,1079,hyperx,4.7402000880743405,2,eigenvector,"(25, 26)",8187
494,1079,hyperx,15.707035617051513,2,eigenvector,"(0, 2)",8187
495,1079,hyperx,76.2639733674187,2,eigenvector,"(24, 26)",8187
496,4231,hyperx,28.833709095584755,10,degree,"(0, 1)",8660
497,4231,hyperx,5.030752214562658,10,degree,"(25, 26)",8660
498,4231,hyperx,87.81791876834365,10,degree,"(0, 2)",8660
499,4231,hyperx,122.68729738368734,10,degree,"(24, 26)",8660
500,4231,hyperx,29.421090456841313,10,eigenvector,"(0, 1)",8660
501,4231,hyperx,22.367683159178544,10,eigenvector,"(25, 26)",8660
502,4231,hyperx,63.102065175588145,10,eigenvector,"(0, 2)",8660
503,4231,hyperx,297.2377364191909,10,eigenvector,"(24, 26)",8660
504,4231,hyperx,29.421090456841313,1,eigenvector,"(0, 1)",8660
505,4231,hyperx,3.9252587714224725,1,eigenvector,"(25, 26)",8660
506,4231,hyperx,59.670314358507504,1,eigenvector,"(0, 2)",8660
507,4231,hyperx,102.08600051125624,1,eigenvector,"(24, 26)",8660
508,4231,hyperx,29.421090456841313,2,eigenvector,"(0, 1)",8660
509,4231,hyperx,6.723504225524857,2,eigenvector,"(25, 26)",8660
510,4231,hyperx,59.670314358507504,2,eigenvector,"(0, 2)",8660
511,4231,hyperx,152.7764927393724,2,eigenvector,"(24, 26)",8660
512,4487,hyperx,28.77654624945232,10,degree,"(0, 1)",4779
513,4487,hyperx,1.8660082451120568,10,degree,"(25, 26)",4779
514,4487,hyperx,46.78399008885475,10,degree,"(0, 2)",4779
515,4487,hyperx,59.06642171857193,10,degree,"(24, 26)",4779
516,4487,hyperx,31.281087226961326,10,eigenvector,"(0, 1)",4779
517,4487,hyperx,7.576332395459318,10,eigenvector,"(25, 26)",4779
518,4487,hyperx,51.55154634170093,10,eigenvector,"(0, 2)",4779
519,4487,hyperx,141.30476412388066,10,eigenvector,"(24, 26)",4779
520,4487,hyperx,31.281087226961326,1,eigenvector,"(0, 1)",4779
521,4487,hyperx,2.523133462637385,1,eigenvector,"(25, 26)",4779
522,4487,hyperx,58.47276293194554,1,eigenvector,"(0, 2)",4779
523,4487,hyperx,52.45906053663268,1,eigenvector,"(24, 26)",4779
524,4487,hyperx,31.281087226961326,2,eigenvector,"(0, 1)",4779
525,4487,hyperx,3.6788094181293967,2,eigenvector,"(25, 26)",4779
526,4487,hyperx,58.47276293194554,2,eigenvector,"(0, 2)",4779
527,4487,hyperx,65.85958922836832,2,eigenvector,"(24, 26)",4779
528,4010,hyperx,19.185751000338662,10,degree,"(0, 1)",8778
529,4010,hyperx,2.297205783958114,10,degree,"(25, 26)",8778
530,4010,hyperx,52.75292128481631,10,degree,"(0, 2)",8778
531,4010,hyperx,69.76985036854093,10,degree,"(24, 26)",8778
532,4010,hyperx,23.335079992444182,10,eigenvector,"(0, 1)",8778
533,4010,hyperx,7.600519655564073,10,eigenvector,"(25, 26)",8778
534,4010,hyperx,45.77654552067847,10,eigenvector,"(0, 2)",8778
535,4010,hyperx,117.18530233850366,10,eigenvector,"(24, 26)",8778
536,4010,hyperx,23.335079992444182,1,eigenvector,"(0, 1)",8778
537,4010,hyperx,2.067870383796874,1,eigenvector,"(25, 26)",8778
538,4010,hyperx,36.90715545687696,1,eigenvector,"(0, 2)",8778
539,4010,hyperx,86.2089470767333,1,eigenvector,"(24, 26)",8778
540,4010,hyperx,23.335079992444182,2,eigenvector,"(0, 1)",8778
541,4010,hyperx,2.8797514378531046,2,eigenvector,"(25, 26)",8778
542,4010,hyperx,36.90715545687696,2,eigenvector,"(0, 2)",8778
543,4010,hyperx,58.33934042431409,2,eigenvector,"(24, 26)",8778
544,3812,hyperx,104.36221721595523,10,degree,"(0, 1)",1765
545,3812,hyperx,2.4206978121160216,10,degree,"(25, 26)",1765
546,3812,hyperx,201.09634057535396,10,degree,"(0, 2)",1765
547,3812,hyperx,85.55426115837541,10,degree,"(24, 26)",1765
548,3812,hyperx,97.1436234674676,10,eigenvector,"(0, 1)",1765
549,3812,hyperx,7.5517956357250595,10,eigenvector,"(25, 26)",1765
550,3812,hyperx,151.6948563059437,10,eigenvector,"(0, 2)",1765
551,3812,hyperx,223.4099588766766,10,eigenvector,"(24, 26)",1765
552,3812,hyperx,97.1436234674676,1,eigenvector,"(0, 1)",1765
553,3812,hyperx,2.8979063840759745,1,eigenvector,"(25, 26)",1765
554,3812,hyperx,127.7262558333315,1,eigenvector,"(0, 2)",1765
555,3812,hyperx,60.42775376210511,1,eigenvector,"(24, 26)",1765
556,3812,hyperx,97.1436234674676,2,eigenvector,"(0, 1)",1765
557,3812,hyperx,3.560204391959533,2,eigenvector,"(25, 26)",1765
558,3812,hyperx,127.7262558333315,2,eigenvector,"(0, 2)",1765
559,3812,hyperx,88.64011631492255,2,eigenvector,"(24, 26)",1765
560,3465,hyperx,40.47067722769583,10,degree,"(0, 1)",194
561,3465,hyperx,2.212151536304838,10,degree,"(25, 26)",194
562,3465,hyperx,77.86321671874401,10,degree,"(0, 2)",194
563,3465,hyperx,62.93385085874965,10,degree,"(24, 26)",194
564,3465,hyperx,51.04880636977823,10,eigenvector,"(0, 1)",194
565,3465,hyperx,5.2995420396046375,10,eigenvector,"(25, 26)",194
566,3465,hyperx,113.21451209908449,10,eigenvector,"(0, 2)",194
567,3465,hyperx,207.63330133701706,10,eigenvector,"(24, 26)",194
568,3465,hyperx,51.04880636977823,1,eigenvector,"(0, 1)",194
569,3465,hyperx,2.1157444116878734,1,eigenvector,"(25, 26)",194
570,3465,hyperx,96.45746999218832,1,eigenvector,"(0, 2)",194
571,3465,hyperx,51.38025312392319,1,eigenvector,"(24, 26)",194
572,3465,hyperx,51.04880636977823,2,eigenvector,"(0, 1)",194
573,3465,hyperx,5.4547342169378,2,eigenvector,"(25, 26)",194
574,3465,hyperx,96.45746999218832,2,eigenvector,"(0, 2)",194
575,3465,hyperx,75.23585321131762,2,eigenvector,"(24, 26)",194
576,4066,hyperx,113.78778533408168,10,degree,"(0, 1)",3957
577,4066,hyperx,13.448600765074172,10,degree,"(25, 26)",3957
578,4066,hyperx,190.40846524538526,10,degree,"(0, 2)",3957
579,4066,hyperx,430.69187912939293,10,degree,"(24, 26)",3957
580,4066,hyperx,65.98843625855736,10,eigenvector,"(0, 1)",3957
581,4066,hyperx,56.27999474757686,10,eigenvector,"(25, 26)",3957
582,4066,hyperx,123.53427251221173,10,eigenvector,"(0, 2)",3957
583,4066,hyperx,1384.0388012927892,10,eigenvector,"(24, 26)",3957
584,4066,hyperx,65.98843625855736,1,eigenvector,"(0, 1)",3957
585,4066,hyperx,9.84731718722844,1,eigenvector,"(25, 26)",3957
586,4066,hyperx,143.75234432204394,1,eigenvector,"(0, 2)",3957
587,4066,hyperx,356.18819405120695,1,eigenvector,"(24, 26)",3957
588,4066,hyperx,65.98843625855736,2,eigenvector,"(0, 1)",3957
589,4066,hyperx,19.034663470496035,2,eigenvector,"(25, 26)",3957
590,4066,hyperx,143.75234432204394,2,eigenvector,"(0, 2)",3957
591,4066,hyperx,535.5728196597821,2,eigenvector,"(24, 26)",3957
592,2457,hyperx,83.26645658010936,10,degree,"(0, 1)",3317
593,2457,hyperx,8.646084077319351,10,degree,"(25, 26)",3317
594,2457,hyperx,172.88517451027278,10,degree,"(0, 2)",3317
595,2457,hyperx,203.33856458839202,10,degree,"(24, 26)",3317
596,2457,hyperx,101.41821069944555,10,eigenvector,"(0, 1)",3317
597,2457,hyperx,35.47081356744077,10,eigenvector,"(25, 26)",3317
598,2457,hyperx,149.27896759613967,10,eigenvector,"(0, 2)",3317
599,2457,hyperx,600.4048293537379,10,eigenvector,"(24, 26)",3317
600,2457,hyperx,101.41821069944555,1,eigenvector,"(0, 1)",3317
601,2457,hyperx,8.909521703374375,1,eigenvector,"(25, 26)",3317
602,2457,hyperx,198.32738095759296,1,eigenvector,"(0, 2)",3317
603,2457,hyperx,180.4272741530807,1,eigenvector,"(24, 26)",3317
604,2457,hyperx,101.41821069944555,2,eigenvector,"(0, 1)",3317
605,2457,hyperx,14.712563811926652,2,eigenvector,"(25, 26)",3317
606,2457,hyperx,198.32738095759296,2,eigenvector,"(0, 2)",3317
607,2457,hyperx,331.65648269904233,2,eigenvector,"(24, 26)",3317
608,2376,hyperx,107.42474982786212,10,degree,"(0, 1)",6922
609,2376,hyperx,6.224653516637821,10,degree,"(25, 26)",6922
610,2376,hyperx,152.06428822872977,10,degree,"(0, 2)",6922
611,2376,hyperx,176.14807564099206,10,degree,"(24, 26)",6922
612,2376,hyperx,77.5188806499326,10,eigenvector,"(0, 1)",6922
613,2376,hyperx,17.537474720739652,10,eigenvector,"(25, 26)",6922
614,2376,hyperx,147.5937548236844,10,eigenvector,"(0, 2)",6922
615,2376,hyperx,371.419170442059,10,eigenvector,"(24, 26)",6922
616,2376,hyperx,77.5188806499326,1,eigenvector,"(0, 1)",6922
617,2376,hyperx,3.562928388331056,1,eigenvector,"(25, 26)",6922
618,2376,hyperx,144.8484965432337,1,eigenvector,"(0, 2)",6922
619,2376,hyperx,113.60652730577996,1,eigenvector,"(24, 26)",6922
620,2376,hyperx,77.5188806499326,2,eigenvector,"(0, 1)",6922
621,2376,hyperx,6.775565395766499,2,eigenvector,"(25, 26)",6922
622,2376,hyperx,144.8484965432337,2,eigenvector,"(0, 2)",6922
623,2376,hyperx,148.01584148799654,2,eigenvector,"(24, 26)",6922
624,3597,hyperx,38.35910544485369,10,degree,"(0, 1)",2224
625,3597,hyperx,8.310786558635485,10,degree,"(25, 26)",2224
626,3597,hyperx,196.9664141475205,10,degree,"(0, 2)",2224
627,3597,hyperx,179.06722169677775,10,degree,"(24, 26)",2224
628,3597,hyperx,88.70674359442218,10,eigenvector,"(0, 1)",2224
629,3597,hyperx,37.691369232256065,10,eigenvector,"(25, 26)",2224
630,3597,hyperx,76.5799438527712,10,eigenvector,"(0, 2)",2224
631,3597,hyperx,679.1499233718936,10,eigenvector,"(24, 26)",2224
632,3597,hyperx,88.70674359442218,1,eigenvector,"(0, 1)",2224
633,3597,hyperx,6.967138294964985,1,eigenvector,"(25, 26)",2224
634,3597,hyperx,210.56368602761071,1,eigenvector,"(0, 2)",2224
635,3597,hyperx,168.5063125944035,1,eigenvector,"(24, 26)",2224
636,3597,hyperx,88.70674359442218,2,eigenvector,"(0, 1)",2224
637,3597,hyperx,12.73554222422493,2,eigenvector,"(25, 26)",2224
638,3597,hyperx,210.56368602761071,2,eigenvector,"(0, 2)",2224
639,3597,hyperx,284.95282122063094,2,eigenvector,"(24, 26)",2224
640,1564,hyperx,66.11883970437566,10,degree,"(0, 1)",4794
641,1564,hyperx,8.100232318489962,10,degree,"(25, 26)",4794
642,1564,hyperx,189.20844095450332,10,degree,"(0, 2)",4794
643,1564,hyperx,198.85316651449992,10,degree,"(24, 26)",4794
644,1564,hyperx,91.23090886310844,10,eigenvector,"(0, 1)",4794
645,1564,hyperx,20.59132782179428,10,eigenvector,"(25, 26)",4794
646,1564,hyperx,127.78379220256967,10,eigenvector,"(0, 2)",4794
647,1564,hyperx,332.1762500806917,10,eigenvector,"(24, 26)",4794
648,1564,hyperx,91.23090886310844,1,eigenvector,"(0, 1)",4794
649,1564,hyperx,7.2334592871361485,1,eigenvector,"(25, 26)",4794
650,1564,hyperx,168.15733783275127,1,eigenvector,"(0, 2)",4794
651,1564,hyperx,168.9556021545139,1,eigenvector,"(24, 26)",4794
652,1564,hyperx,91.23090886310844,2,eigenvector,"(0, 1)",4794
653,1564,hyperx,12.606741984816663,2,eigenvector,"(25, 26)",4794
654,1564,hyperx,168.15733783275127,2,eigenvector,"(0, 2)",4794
655,1564,hyperx,225.19450027860702,2,eigenvector,"(24, 26)",4794
656,2742,hyperx,55.82845284809717,10,degree,"(0, 1)",1845
657,2742,hyperx,3.430537032633436,10,degree,"(25, 26)",1845
658,2742,hyperx,102.7905675232606,10,degree,"(0, 2)",1845
659,2742,hyperx,72.09123131683924,10,degree,"(24, 26)",1845
660,2742,hyperx,70.51038894574175,10,eigenvector,"(0, 1)",1845
661,2742,hyperx,8.390019055229663,10,eigenvector,"(25, 26)",1845
662,2742,hyperx,100.71162815324321,10,eigenvector,"(0, 2)",1845
663,2742,hyperx,184.41647475494668,10,eigenvector,"(24, 26)",1845
664,2742,hyperx,70.51038894574175,1,eigenvector,"(0, 1)",1845
665,2742,hyperx,3.628517882165803,1,eigenvector,"(25, 26)",1845
666,2742,hyperx,87.87002451460013,1,eigenvector,"(0, 2)",1845
667,2742,hyperx,70.00771001288841,1,eigenvector,"(24, 26)",1845
668,2742,hyperx,70.51038894574175,2,eigenvector,"(0, 1)",1845
669,2742,hyperx,7.870296937923869,2,eigenvector,"(25, 26)",1845
670,2742,hyperx,87.87002451460013,2,eigenvector,"(0, 2)",1845
671,2742,hyperx,107.83794110182734,2,eigenvector,"(24, 26)",1845
672,1104,hyperx,45.27851475980286,10,degree,"(0, 1)",4452
673,1104,hyperx,4.9912304562627385,10,degree,"(25, 26)",4452
674,1104,hyperx,154.73454147707778,10,degree,"(0, 2)",4452
675,1104,hyperx,115.27885873944463,10,degree,"(24, 26)",4452
676,1104,hyperx,82.30667016810169,10,eigenvector,"(0, 1)",4452
677,1104,hyperx,53.188782244269966,10,eigenvector,"(25, 26)",4452
678,1104,hyperx,105.12335685767961,10,eigenvector,"(0, 2)",4452
679,1104,hyperx,898.3095753460751,10,eigenvector,"(24, 26)",4452
680,1104,hyperx,82.30667016810169,1,eigenvector,"(0, 1)",4452
681,1104,hyperx,6.1804859445578675,1,eigenvector,"(25, 26)",4452
682,1104,hyperx,141.02830963126095,1,eigenvector,"(0, 2)",4452
683,1104,hyperx,86.3234235735708,1,eigenvector,"(24, 26)",4452
684,1104,hyperx,82.30667016810169,2,eigenvector,"(0, 1)",4452
685,1104,hyperx,10.390138797986886,2,eigenvector,"(25, 26)",4452
686,1104,hyperx,141.02830963126095,2,eigenvector,"(0, 2)",4452
687,1104,hyperx,247.1536274707836,2,eigenvector,"(24, 26)",4452
688,2195,hyperx,26.414010091228523,10,degree,"(0, 1)",1983
689,2195,hyperx,2.8982653208018045,10,degree,"(25, 26)",1983
690,2195,hyperx,62.669719699783684,10,degree,"(0, 2)",1983
691,2195,hyperx,76.98400734461927,10,degree,"(24, 26)",1983
692,2195,hyperx,34.08516422042379,10,eigenvector,"(0, 1)",1983
693,2195,hyperx,9.301630424836487,10,eigenvector,"(25, 26)",1983
694,2195,hyperx,47.30595527284098,10,eigenvector,"(0, 2)",1983
695,2195,hyperx,208.34922509041456,10,eigenvector,"(24, 26)",1983
696,2195,hyperx,34.08516422042379,1,eigenvector,"(0, 1)",1983
697,2195,hyperx,2.4589140595451755,1,eigenvector,"(25, 26)",1983
698,2195,hyperx,45.80759059581344,1,eigenvector,"(0, 2)",1983
699,2195,hyperx,73.88525193122517,1,eigenvector,"(24, 26)",1983
700,2195,hyperx,34.08516422042379,2,eigenvector,"(0, 1)",1983
701,2195,hyperx,4.249492384061803,2,eigenvector,"(25, 26)",1983
702,2195,hyperx,45.80759059581344,2,eigenvector,"(0, 2)",1983
703,2195,hyperx,102.18726052501853,2,eigenvector,"(24, 26)",1983
704,3744,hyperx,65.37698085555843,10,degree,"(0, 1)",1676
705,3744,hyperx,8.616282144205357,10,degree,"(25, 26)",1676
706,3744,hyperx,96.9740259312972,10,degree,"(0, 2)",1676
707,3744,hyperx,173.47987839176875,10,degree,"(24, 26)",1676
708,3744,hyperx,37.933843431854285,10,eigenvector,"(0, 1)",1676
709,3744,hyperx,43.33368443535871,10,eigenvector,"(25, 26)",1676
710,3744,hyperx,90.86725149436019,10,eigenvector,"(0, 2)",1676
711,3744,hyperx,1072.797338119239,10,eigenvector,"(24, 26)",1676
712,3744,hyperx,37.933843431854285,1,eigenvector,"(0, 1)",1676
713,3744,hyperx,5.458135888928264,1,eigenvector,"(25, 26)",1676
714,3744,hyperx,86.66127608694548,1,eigenvector,"(0, 2)",1676
715,3744,hyperx,224.74698963137416,1,eigenvector,"(24, 26)",1676
716,3744,hyperx,37.933843431854285,2,eigenvector,"(0, 1)",1676
717,3744,hyperx,17.065543293772453,2,eigenvector,"(25, 26)",1676
718,3744,hyperx,86.66127608694548,2,eigenvector,"(0, 2)",1676
719,3744,hyperx,258.5537737262748,2,eigenvector,"(24, 26)",1676
720,3851,hyperx,52.24505159831811,10,degree,"(0, 1)",8916
721,3851,hyperx,4.944486156300879,10,degree,"(25, 26)",8916
722,3851,hyperx,88.71001103038834,10,degree,"(0, 2)",8916
723,3851,hyperx,106.89304037441438,10,degree,"(24, 26)",8916
724,3851,hyperx,40.240415833911925,10,eigenvector,"(0, 1)",8916
725,3851,hyperx,20.604388446761558,10,eigenvector,"(25, 26)",8916
726,3851,hyperx,92.48179019486153,10,eigenvector,"(0, 2)",8916
727,3851,hyperx,403.00727591556966,10,eigenvector,"(24, 26)",8916
728,3851,hyperx,40.240415833911925,1,eigenvector,"(0, 1)",8916
729,3851,hyperx,3.216977757909282,1,eigenvector,"(25, 26)",8916
730,3851,hyperx,55.06891927846872,1,eigenvector,"(0, 2)",8916
731,3851,hyperx,82.36923316814814,1,eigenvector,"(24, 26)",8916
732,3851,hyperx,40.240415833911925,2,eigenvector,"(0, 1)",8916
733,3851,hyperx,7.33717074224006,2,eigenvector,"(25, 26)",8916
734,3851,hyperx,55.06891927846872,2,eigenvector,"(0, 2)",8916
735,3851,hyperx,160.61574954909986,2,eigenvector,"(24, 26)",8916
736,323,hyperx,6.674449220362822,10,degree,"(0, 1)",1201
737,323,hyperx,2.5227136979678346,10,degree,"(25, 26)",1201
738,323,hyperx,19.394853742956656,10,degree,"(0, 2)",1201
739,323,hyperx,58.94773637412831,10,degree,"(24, 26)",1201
740,323,hyperx,9.820095400548523,10,eigenvector,"(0, 1)",1201
741,323,hyperx,7.860934105488916,10,eigenvector,"(25, 26)",1201
742,323,hyperx,13.032176725402207,10,eigenvector,"(0, 2)",1201
743,323,hyperx,82.73238908396482,10,eigenvector,"(24, 26)",1201
744,323,hyperx,9.820095400548523,1,eigenvector,"(0, 1)",1201
745,323,hyperx,1.7157767483209634,1,eigenvector,"(25, 26)",1201
746,323,hyperx,16.725030211723038,1,eigenvector,"(0, 2)",1201
747,323,hyperx,47.91154193248992,1,eigenvector,"(24, 26)",1201
748,323,hyperx,9.820095400548523,2,eigenvector,"(0, 1)",1201
749,323,hyperx,2.7800820874796943,2,eigenvector,"(25, 26)",1201
750,323,hyperx,16.725030211723038,2,eigenvector,"(0, 2)",1201
751,323,hyperx,44.09925000075866,2,eigenvector,"(24, 26)",1201
752,1960,hyperx,46.42899446258142,10,degree,"(0, 1)",7624
753,1960,hyperx,2.9729758049180006,10,degree,"(25, 26)",7624
754,1960,hyperx,94.78054661822675,10,degree,"(0, 2)",7624
755,1960,hyperx,87.68106264084041,10,degree,"(24, 26)",7624
756,1960,hyperx,72.44453053399091,10,eigenvector,"(0, 1)",7624
757,1960,hyperx,10.715352477356905,10,eigenvector,"(25, 26)",7624
758,1960,hyperx,99.92483942454363,10,eigenvector,"(0, 2)",7624
759,1960,hyperx,254.29742006829264,10,eigenvector,"(24, 26)",7624
760,1960,hyperx,72.44453053399091,1,eigenvector,"(0, 1)",7624
761,1960,hyperx,3.1842742479359982,1,eigenvector,"(25, 26)",7624
762,1960,hyperx,86.97831234012635,1,eigenvector,"(0, 2)",7624
763,1960,hyperx,75.44491244356409,1,eigenvector,"(24, 26)",7624
764,1960,hyperx,72.44453053399091,2,eigenvector,"(0, 1)",7624
765,1960,hyperx,6.5951815186907945,2,eigenvector,"(25, 26)",7624
766,1960,hyperx,86.97831234012635,2,eigenvector,"(0, 2)",7624
767,1960,hyperx,87.00596593364581,2,eigenvector,"(24, 26)",7624
768,782,hyperx,23.03772341547482,10,degree,"(0, 1)",9041
769,782,hyperx,3.2805853572411157,10,degree,"(25, 26)",9041
770,782,hyperx,52.31711458302005,10,degree,"(0, 2)",9041
771,782,hyperx,132.92058505664048,10,degree,"(24, 26)",9041
772,782,hyperx,30.92887071192793,10,eigenvector,"(0, 1)",9041
773,782,hyperx,13.230779222437953,10,eigenvector,"(25, 26)",9041
774,782,hyperx,71.36302496753383,10,eigenvector,"(0, 2)",9041
775,782,hyperx,218.99430824690035,10,eigenvector,"(24, 26)",9041
776,782,hyperx,30.92887071192793,1,eigenvector,"(0, 1)",9041
777,782,hyperx,2.72670399231293,1,eigenvector,"(25, 26)",9041
778,782,hyperx,72.67655975436662,1,eigenvector,"(0, 2)",9041
779,782,hyperx,121.7769751003465,1,eigenvector,"(24, 26)",9041
780,782,hyperx,30.92887071192793,2,eigenvector,"(0, 1)",9041
781,782,hyperx,4.6178389850521535,2,eigenvector,"(25, 26)",9041
782,782,hyperx,72.67655975436662,2,eigenvector,"(0, 2)",9041
783,782,hyperx,104.48338317650538,2,eigenvector,"(24, 26)",9041
784,1878,hyperx,25.282177337379828,10,degree,"(0, 1)",482
785,1878,hyperx,1.6628782326178133,10,degree,"(25, 26)",482
786,1878,hyperx,82.76495479555824,10,degree,"(0, 2)",482
787,1878,hyperx,40.34801057330642,10,degree,"(24, 26)",482
788,1878,hyperx,35.55179307899315,10,eigenvector,"(0, 1)",482
789,1878,hyperx,4.950768952362523,10,eigenvector,"(25, 26)",482
790,1878,hyperx,95.09551940346789,10,eigenvector,"(0, 2)",482
791,1878,hyperx,113.06464433633465,10,eigenvector,"(24, 26)",482
792,1878,hyperx,35.55179307899315,1,eigenvector,"(0, 1)",482
793,1878,hyperx,1.6821852316069268,1,eigenvector,"(25, 26)",482
794,1878,hyperx,79.06178135119843,1,eigenvector,"(0, 2)",482
795,1878,hyperx,34.02629366065543,1,eigenvector,"(24, 26)",482
796,1878,hyperx,35.55179307899315,2,eigenvector,"(0, 1)",482
797,1878,hyperx,2.423598708845238,2,eigenvector,"(25, 26)",482
798,1878,hyperx,79.06178135119843,2,eigenvector,"(0, 2)",482
799,1878,hyperx,57.43266446846162,2,eigenvector,"(24, 26)",482
